<?xml version="1.0"?>
<doc>
    <assembly>
        <name>ModdingAPI</name>
    </assembly>
    <members>
        <member name="T:ModdingAPI.UniqueCharacters">
            <summary>NPCs and the player</summary>
        </member>
        <member name="F:ModdingAPI.UniqueCharacters.Claire">
            <summary>the player's character</summary>
        </member>
        <member name="F:ModdingAPI.UniqueCharacters.AuntMay">
            <summary>Claire's aunt</summary>
        </member>
        <member name="F:ModdingAPI.UniqueCharacters.RangerJon">
            <summary>a white ram wearing a blue and gray shirt and a sun hat who sells golden feathers and a hat</summary>
        </member>
        <member name="F:ModdingAPI.UniqueCharacters.RumorGuy">
            <summary>a teal lizard wearing a two-tone blue shirt who tells Claire some rumors</summary>
        </member>
        <member name="F:ModdingAPI.UniqueCharacters.GlideKid">
            <summary>a small blue bird who tell Claire how to glide</summary>
        </member>
        <member name="F:ModdingAPI.UniqueCharacters.Jen">
            <summary>a small purple bird who ask Claire to bring 15 shells</summary>
        </member>
        <member name="F:ModdingAPI.UniqueCharacters.Bill">
            <summary>a warlus who lend Claire a fishing rod and teach how to fish</summary>
        </member>
        <member name="F:ModdingAPI.UniqueCharacters.OutlookPointGuy">
            <summary>a dog at Outlook Point who gives Claire a treasure map (is this dog Jim?)</summary>
        </member>
        <member name="F:ModdingAPI.UniqueCharacters.ToughBird">
            <summary>a blue bird with a mohawk and black shirt who sells goldren feathers</summary>
        </member>
        <member name="F:ModdingAPI.UniqueCharacters.SunhatDeer">
            <summary>a brown deer with a pink and cyan shirt who sells a sunhat</summary>
        </member>
        <member name="F:ModdingAPI.UniqueCharacters.DiveKid">
            <summary>a black toucan who tell how to dive</summary>
        </member>
        <member name="F:ModdingAPI.UniqueCharacters.RunningLizard">
            <summary>a green lizard "running is my life"</summary>
        </member>
        <member name="F:ModdingAPI.UniqueCharacters.RunningNephew">
            <summary>a gray dog, Shirley's Point Guy's nephew "i hate leg days"</summary>
        </member>
        <member name="F:ModdingAPI.UniqueCharacters.RunningRabbit">
            <summary>a orange rabbit "it's dangerous to go slow!"</summary>
        </member>
        <member name="F:ModdingAPI.UniqueCharacters.RunningGoat">
            <summary>a  who refuse Claire's participation of the race "SPEED FIRST!!"</summary>
        </member>
        <member name="F:ModdingAPI.UniqueCharacters.BreakfastKid">
            <summary>a frog wearing an aqua and orange shirt and sunglasses who talks about breakfast</summary>
        </member>
        <member name="F:ModdingAPI.UniqueCharacters.Camper">
            <summary>a gray cat who has lost their permit</summary>
        </member>
        <member name="F:ModdingAPI.UniqueCharacters.ShovelKid">
            <summary>a frog who give Claire a shovel</summary>
        </member>
        <member name="F:ModdingAPI.UniqueCharacters.CompassFox">
            <summary>an gray fox who lend Claire a compass</summary>
        </member>
        <member name="F:ModdingAPI.UniqueCharacters.Taylor">
            <summary>a turtle wieh a red headband</summary>
        </member>
        <member name="F:ModdingAPI.UniqueCharacters.Sue">
            <summary>a white rabbit wearing a blue and purple shirt who gives Claire a pair of running shoes.</summary>
        </member>
        <member name="F:ModdingAPI.UniqueCharacters.WatchGoat">
            <summary>Watch Guy, a goat wearing a teal and green shirt, finding thier watch.</summary>
        </member>
        <member name="F:ModdingAPI.UniqueCharacters.Julie">
            <summary>a red bird with a light red tuft of hair wearing an aqua shirt</summary>
        </member>
        <member name="F:ModdingAPI.UniqueCharacters.BeachstickballKid">
            <summary>a Beachstickball player, a dark green bird wearing a blue shirt</summary>
        </member>
        <member name="F:ModdingAPI.UniqueCharacters.Avery">
            <summary>a Parkour racer, a brown eagle with a red and pink shirt</summary>
        </member>
        <member name="F:ModdingAPI.UniqueCharacters.HydrationDog">
            <summary>Shirley's Point Guy, a dark brown dog wearing a dark blue and black shirt</summary>
        </member>
        <member name="F:ModdingAPI.UniqueCharacters.DadBoatDeer">
            <summary>a deer who hires out a boat</summary>
        </member>
        <member name="F:ModdingAPI.UniqueCharacters.KidBoatDeer">
            <summary>a deer who goes boating with Claire</summary>
        </member>
        <member name="F:ModdingAPI.UniqueCharacters.ShipWorker">
            <summary>a white seagull who buy fish from Claire</summary>
        </member>
        <member name="F:ModdingAPI.UniqueCharacters.Charlie">
            <summary>a polar bear who is writing a book</summary>
        </member>
        <member name="F:ModdingAPI.UniqueCharacters.Tim">
            <summary>a squirrel of the rock climbing club</summary>
        </member>
        <member name="F:ModdingAPI.UniqueCharacters.ClimbingRhino">
            <summary>a rhino of the rock climbing club</summary>
        </member>
        <member name="F:ModdingAPI.UniqueCharacters.PictureFox">
            <summary>an orange fox who take a picture at the top of Hawk Peak</summary>
        </member>
        <member name="F:ModdingAPI.UniqueCharacters.Artist">
            <summary>Painting Kid, a raccoon wearing a two-tone blue shirt</summary>
        </member>
        <member name="T:ModdingAPI.Characters">
            <summary><inheritdoc cref="T:ModdingAPI.UniqueCharacters"/> (variation by object)</summary>
        </member>
        <member name="F:ModdingAPI.Characters.Claire">
            <inheritdoc cref="F:ModdingAPI.UniqueCharacters.Claire"/>
        </member>
        <member name="F:ModdingAPI.Characters.AuntMay">
            <inheritdoc cref="F:ModdingAPI.UniqueCharacters.AuntMay"/>
        </member>
        <member name="F:ModdingAPI.Characters.RangerJon">
            <inheritdoc cref="F:ModdingAPI.UniqueCharacters.RangerJon"/>
        </member>
        <member name="F:ModdingAPI.Characters.RumorGuy">
            <inheritdoc cref="F:ModdingAPI.UniqueCharacters.RumorGuy"/>
        </member>
        <member name="F:ModdingAPI.Characters.GlideKid">
            <inheritdoc cref="F:ModdingAPI.UniqueCharacters.GlideKid"/>
        </member>
        <member name="F:ModdingAPI.Characters.Jen">
            <inheritdoc cref="F:ModdingAPI.UniqueCharacters.Jen"/>
        </member>
        <member name="F:ModdingAPI.Characters.Bill">
            <inheritdoc cref="F:ModdingAPI.UniqueCharacters.Bill"/>
        </member>
        <member name="F:ModdingAPI.Characters.OutlookPointGuy">
            <inheritdoc cref="F:ModdingAPI.UniqueCharacters.OutlookPointGuy"/>
        </member>
        <member name="F:ModdingAPI.Characters.ToughBird">
            <inheritdoc cref="F:ModdingAPI.UniqueCharacters.ToughBird"/>
        </member>
        <member name="F:ModdingAPI.Characters.SunhatDeer">
            <inheritdoc cref="F:ModdingAPI.UniqueCharacters.SunhatDeer"/>
        </member>
        <member name="F:ModdingAPI.Characters.DiveKid">
            <inheritdoc cref="F:ModdingAPI.UniqueCharacters.DiveKid"/>
        </member>
        <member name="F:ModdingAPI.Characters.RunningLizard">
            <inheritdoc cref="F:ModdingAPI.UniqueCharacters.RunningLizard"/>
        </member>
        <member name="F:ModdingAPI.Characters.RunningNephew">
            <inheritdoc cref="F:ModdingAPI.UniqueCharacters.RunningNephew"/>
        </member>
        <member name="F:ModdingAPI.Characters.RunningRabbit">
            <inheritdoc cref="F:ModdingAPI.UniqueCharacters.RunningRabbit"/>
        </member>
        <member name="F:ModdingAPI.Characters.RunningGoat">
            <inheritdoc cref="F:ModdingAPI.UniqueCharacters.RunningGoat"/>
        </member>
        <member name="F:ModdingAPI.Characters.BreakfastKid">
            <inheritdoc cref="F:ModdingAPI.UniqueCharacters.BreakfastKid"/>
        </member>
        <member name="F:ModdingAPI.Characters.Camper">
            <inheritdoc cref="F:ModdingAPI.UniqueCharacters.Camper"/>
        </member>
        <member name="F:ModdingAPI.Characters.ShovelKid">
            <inheritdoc cref="F:ModdingAPI.UniqueCharacters.ShovelKid"/>
        </member>
        <member name="F:ModdingAPI.Characters.CompassFox">
            <inheritdoc cref="F:ModdingAPI.UniqueCharacters.CompassFox"/>
        </member>
        <member name="F:ModdingAPI.Characters.Taylor">
            <inheritdoc cref="F:ModdingAPI.UniqueCharacters.Taylor"/>
        </member>
        <member name="F:ModdingAPI.Characters.Sue">
            <inheritdoc cref="F:ModdingAPI.UniqueCharacters.Sue"/>
        </member>
        <member name="F:ModdingAPI.Characters.WatchGoat">
            <inheritdoc cref="F:ModdingAPI.UniqueCharacters.WatchGoat"/>
        </member>
        <member name="F:ModdingAPI.Characters.Julie">
            <inheritdoc cref="F:ModdingAPI.UniqueCharacters.Julie"/>
        </member>
        <member name="F:ModdingAPI.Characters.BeachstickballKid">
            <inheritdoc cref="F:ModdingAPI.UniqueCharacters.BeachstickballKid"/>
        </member>
        <member name="F:ModdingAPI.Characters.Avery">
            <inheritdoc cref="F:ModdingAPI.UniqueCharacters.Avery"/>
        </member>
        <member name="F:ModdingAPI.Characters.HydrationDog">
            <inheritdoc cref="F:ModdingAPI.UniqueCharacters.HydrationDog"/>
        </member>
        <member name="F:ModdingAPI.Characters.DadBoatDeer1">
            <summary><inheritdoc cref="F:ModdingAPI.UniqueCharacters.DadBoatDeer"/> (reading a book)</summary>
        </member>
        <member name="F:ModdingAPI.Characters.DadBoatDeer2">
            <summary><inheritdoc cref="F:ModdingAPI.UniqueCharacters.DadBoatDeer"/> (standing on the dock)</summary>
        </member>
        <member name="F:ModdingAPI.Characters.KidBoatDeer1">
            <summary><inheritdoc cref="F:ModdingAPI.UniqueCharacters.KidBoatDeer"/> (lying down)</summary>
        </member>
        <member name="F:ModdingAPI.Characters.KidBoatDeer2">
            <summary><inheritdoc cref="F:ModdingAPI.UniqueCharacters.KidBoatDeer"/> (on the boat)</summary>
        </member>
        <member name="F:ModdingAPI.Characters.KidBoatDeer3">
            <summary><inheritdoc cref="F:ModdingAPI.UniqueCharacters.KidBoatDeer"/> (reading a book)</summary>
        </member>
        <member name="F:ModdingAPI.Characters.ShipWorker1">
            <summary><inheritdoc cref="F:ModdingAPI.UniqueCharacters.ShipWorker"/> (on the ship)</summary>
        </member>
        <member name="F:ModdingAPI.Characters.ShipWorker2">
            <summary><inheritdoc cref="F:ModdingAPI.UniqueCharacters.ShipWorker"/> (on the dock)</summary>
        </member>
        <member name="F:ModdingAPI.Characters.Charlie1">
            <summary><inheritdoc cref="F:ModdingAPI.UniqueCharacters.Charlie"/> (walking)</summary>
        </member>
        <member name="F:ModdingAPI.Characters.Charlie2">
            <summary><inheritdoc cref="F:ModdingAPI.UniqueCharacters.Charlie"/> (sitting in front of his house)</summary>
        </member>
        <member name="F:ModdingAPI.Characters.Tim1">
            <summary><inheritdoc cref="F:ModdingAPI.UniqueCharacters.Tim"/> (at Sid Beach)</summary>
        </member>
        <member name="F:ModdingAPI.Characters.Tim2">
            <summary><inheritdoc cref="F:ModdingAPI.UniqueCharacters.Tim"/> (climbing the bluff near ToughBird)</summary>
        </member>
        <member name="F:ModdingAPI.Characters.Tim3">
            <summary><inheritdoc cref="F:ModdingAPI.UniqueCharacters.Tim"/> (sitting in front of Charlie's house)</summary>
        </member>
        <member name="F:ModdingAPI.Characters.ClimbingRhino1">
            <summary><inheritdoc cref="F:ModdingAPI.UniqueCharacters.ClimbingRhino"/> (at Sid Beach)</summary>
        </member>
        <member name="F:ModdingAPI.Characters.ClimbingRhino2">
            <summary><inheritdoc cref="F:ModdingAPI.UniqueCharacters.ClimbingRhino"/> (on the bluff near ToughBird)</summary>
        </member>
        <member name="F:ModdingAPI.Characters.ClimbingRhino3">
            <summary><inheritdoc cref="F:ModdingAPI.UniqueCharacters.ClimbingRhino"/> (sitting in front of Charlie's house)</summary>
        </member>
        <member name="F:ModdingAPI.Characters.PictureFox1">
            <summary><inheritdoc cref="F:ModdingAPI.UniqueCharacters.PictureFox"/> (at the foot of the mountain)</summary>
        </member>
        <member name="F:ModdingAPI.Characters.PictureFox2">
            <summary><inheritdoc cref="F:ModdingAPI.UniqueCharacters.PictureFox"/> (at near the top of mountain)</summary>
        </member>
        <member name="F:ModdingAPI.Characters.Artist1">
            <summary><inheritdoc cref="F:ModdingAPI.UniqueCharacters.Artist"/> (painting a coastline)</summary>
        </member>
        <member name="F:ModdingAPI.Characters.Artist2">
            <summary><inheritdoc cref="F:ModdingAPI.UniqueCharacters.Artist"/> (painting a lighthouse)</summary>
        </member>
        <member name="F:ModdingAPI.Characters.Artist3">
            <summary><inheritdoc cref="F:ModdingAPI.UniqueCharacters.Artist"/> (painting a river)</summary>
        </member>
        <member name="F:ModdingAPI.Characters.Artist4">
            <summary><inheritdoc cref="F:ModdingAPI.UniqueCharacters.Artist"/> (painting a graveyard)</summary>
        </member>
        <member name="F:ModdingAPI.Characters.Artist5">
            <summary><inheritdoc cref="F:ModdingAPI.UniqueCharacters.Artist"/> (painting a landscape at outlook point)</summary>
        </member>
        <member name="F:ModdingAPI.Characters.Artist6">
            <summary><inheritdoc cref="F:ModdingAPI.UniqueCharacters.Artist"/> (painting Ranger Jon)</summary>
        </member>
        <member name="M:ModdingAPI.KeyBind.KeyBindUnit.TryParse(System.String,System.Collections.Generic.List{ModdingAPI.KeyBind.KeyBindUnit}@,System.String@)">
            <summary>
            See <c>keybindins.json</c> on <c>ModsPath</c> or <see cref="F:ModdingAPI.KeyBind.KeyBindingsData.comments"/> for the keybind syntax.
            </summary>
        </member>
    </members>
</doc>
