<?xml version="1.0"?>
<doc>
    <assembly>
        <name>ModdingAPI</name>
    </assembly>
    <members>
        <member name="F:ModdingAPI.Characters.Claire">
            <summary>the player's character</summary>
        </member>
        <member name="F:ModdingAPI.Characters.AuntMay">
            <summary>Claire's aunt</summary>
        </member>
        <member name="F:ModdingAPI.Characters.RangerJon">
            <summary>a white ram wearing a blue and gray shirt and a sun hat who sells golden feathers and a hat</summary>
        </member>
        <member name="F:ModdingAPI.Characters.DadBoatDeer">
            <summary>a deer who hires out a boat</summary>
        </member>
        <member name="F:ModdingAPI.Characters.KidBoatDeer">
            <summary>a deer who goes boating with Claire</summary>
        </member>
        <member name="F:ModdingAPI.Characters.ShipWorker">
            <summary>a white seagull who buy fish from Claire</summary>
        </member>
        <member name="F:ModdingAPI.Characters.RumorGuy">
            <summary>a teal lizard wearing a two-tone blue shirt who tells Claire some rumors</summary>
        </member>
        <member name="F:ModdingAPI.Characters.Charlie">
            <summary>a polar bear who is writing a book</summary>
        </member>
        <member name="F:ModdingAPI.Characters.Tim">
            <summary>a squirrel of the rock climbing club</summary>
        </member>
        <member name="F:ModdingAPI.Characters.ClimbingRhino">
            <summary>a rhino of the rock climbing club</summary>
        </member>
        <member name="F:ModdingAPI.Characters.GlideKid">
            <summary>a small blue bird who tell Claire how to glide</summary>
        </member>
        <member name="F:ModdingAPI.Characters.Jen">
            <summary>a small purple bird who ask Claire to bring 15 shells</summary>
        </member>
        <member name="F:ModdingAPI.Characters.Bill">
            <summary>a warlus who lend Claire a fishing rod and teach how to fish</summary>
        </member>
        <member name="F:ModdingAPI.Characters.OutlookPointGuy">
            <summary>a dog at Outlook Point who gives Claire a treasure map (is this dog Jim?)</summary>
        </member>
        <member name="F:ModdingAPI.Characters.ToughBird">
            <summary>a blue bird with a mohawk and black shirt who sells goldren feathers</summary>
        </member>
        <member name="F:ModdingAPI.Characters.SunhatDeer">
            <summary>a brown deer with a pink and cyan shirt who sells a sunhat</summary>
        </member>
        <member name="F:ModdingAPI.Characters.DiveKid">
            <summary>a black toucan who tell how to dive</summary>
        </member>
        <member name="F:ModdingAPI.Characters.RunningLizard">
            <summary>a green lizard "running is my life"</summary>
        </member>
        <member name="F:ModdingAPI.Characters.RunningNephew">
            <summary>a gray dog, Shirley's Point Guy's nephew "i hate leg days"</summary>
        </member>
        <member name="F:ModdingAPI.Characters.RunningRabbit">
            <summary>a orange rabbit "it's dangerous to go slow!"</summary>
        </member>
        <member name="F:ModdingAPI.Characters.RunningGoat">
            <summary>a  who refuse Claire's participation of the race "SPEED FIRST!!"</summary>
        </member>
        <member name="F:ModdingAPI.Characters.BreakfastKid">
            <summary>a frog wearing an aqua and orange shirt and sunglasses who talks about breakfast</summary>
        </member>
        <member name="F:ModdingAPI.Characters.Camper">
            <summary>a gray cat who has lost their permit</summary>
        </member>
        <member name="F:ModdingAPI.Characters.ShovelKid">
            <summary>a frog who give Claire a shovel</summary>
        </member>
        <member name="F:ModdingAPI.Characters.CompassFox">
            <summary>an gray fox who lend Claire a compass</summary>
        </member>
        <member name="F:ModdingAPI.Characters.PictureFox">
            <summary>an orange fox who take a picture at the top of Hawk Peak</summary>
        </member>
        <member name="F:ModdingAPI.Characters.Taylor">
            <summary>a turtle wieh a red headband</summary>
        </member>
        <member name="F:ModdingAPI.Characters.Sue">
            <summary>a white rabbit wearing a blue and purple shirt who gives Claire a pair of running shoes.</summary>
        </member>
        <member name="F:ModdingAPI.Characters.WatchGoat">
            <summary>Watch Guy, a goat wearing a teal and green shirt, finding thier watch.</summary>
        </member>
        <member name="F:ModdingAPI.Characters.Julie">
            <summary>a red bird with a light red tuft of hair wearing an aqua shirt</summary>
        </member>
        <member name="F:ModdingAPI.Characters.BeachstickballKid">
            <summary>a Beachstickball player, a dark green bird wearing a blue shirt</summary>
        </member>
        <member name="F:ModdingAPI.Characters.Avery">
            <summary>a Parkour racer, a brown eagle with a red and pink shirt</summary>
        </member>
        <member name="F:ModdingAPI.Characters.Artist">
            <summary>Painting Kid, a raccoon wearing a two-tone blue shirt</summary>
        </member>
        <member name="F:ModdingAPI.Characters.HydrationDog">
            <summary>Shirley's Point Guy, a dark brown dog wearing a dark blue and black shirt</summary>
        </member>
        <member name="M:ModdingAPI.KeyBind.KeyBindUnit.TryParse(System.String,System.Collections.Generic.List{ModdingAPI.KeyBind.KeyBindUnit}@,System.String@)">
            <summary>
            See <c>keybindins.json</c> on <c>ModsPath</c> or <see cref="F:ModdingAPI.KeyBind.KeyBindingsData.comments"/> for the keybind syntax.
            </summary>
        </member>
    </members>
</doc>
